archivo,sha256
README.md,f64ba3a77c74fb0dc03deca06c64ec66ac6951e19c8b629bc3ff4d6023ed1c45
rubrica_A4_v1.0.md,d806dda79f03dcae75b6c05eccd17ea2d51924803ef6ee7866e56d76fc9eb534
procedimiento_A4_v1.0.md,dddc0617644a1c33e69f1e21584f41dc1096d1828d87158a120cf95deed02178
registro_osf_A4.md,a95ac1146db0086aa4551d39b9ceb94d38eaf394a20c7f7400936877de591c2c
control_fuga_estilo_A4.md,8b41c4faea027b6146f597c92059661af118051f6209bf9cfde5032b8f4592bb
hoja_items_A4_v1.0.csv,12a54d5c1cf328fcafda7417be042cfd9e343247e3650c9b296e632be71c6985
SICST_A4_Evaluador_01.xlsx,dcf7a8797d0c284a51b7c91549f402d4d2adf38b4b887607052d89d6cdb15a9b
SICST_A4_Evaluador_02.xlsx,72cd8d86604ade563bf68ba7022fc133e3298e6c43e9a67f02d8c9cb3c186bfb
SICST_A4_Evaluador_03.xlsx,680194977e06e40ca8ede18449e70e827620ad03607e6e82b2a3cbdc1d33f19e
