archivo,tamano_bytes,fecha_captura_exif,modelo_dispositivo,gps_presente,hash_sha256
10_Autoria/correspondencia/2026-26-06_Entrevista_Estudiante_fisicoterapeuta_FSI-01_PeticionEntrevista.jpeg,126025,N/D (metadato no presente; eliminado por compresion de la app de mensajeria),N/D (metadato no presente),No,a2cd3f57efd5f703a91aaad2bacf539770a0329ead2c5ddf944f2898f3274a3e
10_Autoria/correspondencia/2026-26-06_Entrevista_Paciente_Ex_Paciente_EV2-PAC-05_PeticionEntrevista.jpeg,107249,N/D (metadato no presente; eliminado por compresion de la app de mensajeria),N/D (metadato no presente),No,ab5fe38342cec22d6ad157eda5b913831a1ce5759de79ec7aaae7e4ffbcca2c9
10_Autoria/correspondencia/2026-26-06_Entrevista_Paciente_Ex_Paciente_EV2-PAC-06_PeticionEntrevista.jpeg,114376,N/D (metadato no presente; eliminado por compresion de la app de mensajeria),N/D (metadato no presente),No,a275418d59d8418a98da89e8f408aec0bb005551d22db03131d2a416c8aea533
10_Autoria/correspondencia/2026-26-06_Entrevista_Paciente_Ex_Paciente_EV2-PAC-07_PeticionEntrevista.jpeg,116898,N/D (metadato no presente; eliminado por compresion de la app de mensajeria),N/D (metadato no presente),No,7768e4686a3a222b6d4c989d1d3e35e514850792c616b9e2949a5b9dd0f943e2
10_Autoria/correspondencia/2026-26-06_Entrevista_Paciente_Ex_Paciente_EV2-PAC-08_PeticionEntrevista.jpeg,111532,N/D (metadato no presente; eliminado por compresion de la app de mensajeria),N/D (metadato no presente),No,561dae3554174b1e0b73cd2abf9d4a1005c780e9356c44689807afb909bf16fa
10_Autoria/correspondencia/2026-26-06_Entrevista_Paciente_Ex_Paciente_EV2-PAC-09_PeticionEntrevista.jpeg,119476,N/D (metadato no presente; eliminado por compresion de la app de mensajeria),N/D (metadato no presente),No,15da6f93f47775c28b7ad39341769090a6b77c4a62e12631658f188083734dd8
10_Autoria/notas_campo/2026-06-17_Entrevista_Estudiante_Fisioterapia_EFT-01_Notas.jpeg,113967,N/D (metadato no presente; eliminado por compresion de la app de mensajeria),N/D (metadato no presente),No,0feb8e8e0d907f54959388627c45d34be4eeecdb16f43214dd44e586697f3544
10_Autoria/notas_campo/2026-06-17_Entrevista_Estudiante_Fisioterapia_EFT-02_Notas.jpeg,86099,N/D (metadato no presente; eliminado por compresion de la app de mensajeria),N/D (metadato no presente),No,882cea5df7f9501ede7831d191cb42198c71f242425e69a19b087741ff3e7d9c
10_Autoria/notas_campo/2026-06-17_Entrevista_Estudiante_Fisioterapia_EFT-03_Notas.jpeg,122215,N/D (metadato no presente; eliminado por compresion de la app de mensajeria),N/D (metadato no presente),No,8d9b65b556de10b88de902c211cb333a57ca7fb89d4ab05fcb954decbd405b10
10_Autoria/notas_campo/2026-06-17_Entrevista_Familiar_Cuidador_FAM-01_Notas.jpeg,94930,N/D (metadato no presente; eliminado por compresion de la app de mensajeria),N/D (metadato no presente),No,cb29d0cbebe70a126dc1d39c5306b3a2abe800468e9f8621626b1a20d6925e2f
10_Autoria/notas_campo/2026-06-17_Entrevista_Familiar_Cuidador_FAM-02_Notas.jpeg,71428,N/D (metadato no presente; eliminado por compresion de la app de mensajeria),N/D (metadato no presente),No,cb0a893f9712a587a281f88409af16f12671feb96a396c321bf36f3af1ff591a
10_Autoria/notas_campo/2026-06-17_Entrevista_Familiar_Cuidador_FAM-03_Notas.jpeg,74667,N/D (metadato no presente; eliminado por compresion de la app de mensajeria),N/D (metadato no presente),No,4c4eb044aafd52d9ea1a9c71bdc196974c60a1d00dff3d6dc5543a1e1991890e
10_Autoria/notas_campo/2026-06-17_Entrevista_Familiar_Cuidador_FAM-04_Notas.jpeg,70235,N/D (metadato no presente; eliminado por compresion de la app de mensajeria),N/D (metadato no presente),No,9f3fb0e48bedd01fbdbdfa2f11a7591b408b0e425b907fe96e81863c9bc9acaa
10_Autoria/notas_campo/2026-06-17_Entrevista_Fisioterapeuta_FIS-01_Notas.jpeg,110436,N/D (metadato no presente; eliminado por compresion de la app de mensajeria),N/D (metadato no presente),No,5d8774b4d9e96b7f4ef899a551443a21f7e9ae5b75c7c4a3a17bc88713d46ffc
02_Evidencias/Fotos_Aplicacion/Cuestionario_Necesidades_EV2-PAC-05.jpeg,207009,N/D (metadato no presente; eliminado por compresion de la app de mensajeria),N/D (metadato no presente),No,44acf9a8ef214dd94d501b5bea54c42331ec937d06cdb9105eba10308177f661
02_Evidencias/Fotos_Aplicacion/Cuestionario_Necesidades_EV2-PAC-06.jpeg,175828,N/D (metadato no presente; eliminado por compresion de la app de mensajeria),N/D (metadato no presente),No,d573e15d324b4718b7c9f037acada39336469b6461d75c9675647690a50bc812
02_Evidencias/Fotos_Aplicacion/Cuestionario_Necesidades_EV2-PAC-07.jpeg,211675,N/D (metadato no presente; eliminado por compresion de la app de mensajeria),N/D (metadato no presente),No,d5ca729549d2d878327ddf581a87e881a28b060e6ee31f405b8d3fc2f3ec6650
02_Evidencias/Fotos_Aplicacion/Cuestionario_Necesidades_EV2-PAC-08.jpeg,209055,N/D (metadato no presente; eliminado por compresion de la app de mensajeria),N/D (metadato no presente),No,6d0b08a2a989976da86cc19d0ed7426e881cc20766f1ac114c5ecc935a526549
02_Evidencias/Fotos_Aplicacion/EV2-PAC-10_Cuestionario.jpeg,51166,N/D (metadato no presente; eliminado por compresion de la app de mensajeria),N/D (metadato no presente),No,164ed16173bd8ce0629983f7fff4d0330aecc24fbe0c3b7649daf1fe95d1353d
02_Evidencias/Fotos_Aplicacion/EV2-PAC-11_Cuestionario.jpeg,123424,N/D (metadato no presente; eliminado por compresion de la app de mensajeria),N/D (metadato no presente),No,f31682c1a41db8d28e2eb90b66f7c09d5a58495eeb5f7c6a4fe38f807f9b5863
02_Evidencias/Fotos_Aplicacion/EV2-PAC-12_Cuestionario.jpeg,62371,N/D (metadato no presente; eliminado por compresion de la app de mensajeria),N/D (metadato no presente),No,353b40d1690be325341e92038160266ba9606452fdf14225e78c3bfa6e66e1ee
02_Evidencias/Fotos_Aplicacion/EV2-PAC-13_Cuestionario.jpeg,116818,N/D (metadato no presente; eliminado por compresion de la app de mensajeria),N/D (metadato no presente),No,6fecc4e24187074f81cb9d3c032bb10538c9a15e8ef01d501622f37aecee2bf8
02_Evidencias/Fotos_Aplicacion/EV2-PAC-14_Cuestionario.jpeg,75260,N/D (metadato no presente; eliminado por compresion de la app de mensajeria),N/D (metadato no presente),No,1b3e57203aedae6c4618b883e02f859f743a47249f0765fbd152e73067161406
02_Evidencias/Fotos_Aplicacion/Evidencia_01.jpeg,403789,N/D (metadato no presente; eliminado por compresion de la app de mensajeria),N/D (metadato no presente),No,bff0d73543a2329d530841a9e9a64229091379f9d7421cd84ba6d5379d09cb49
02_Evidencias/Fotos_Aplicacion/Evidencia_02.jpeg,149759,N/D (metadato no presente; eliminado por compresion de la app de mensajeria),N/D (metadato no presente),No,b7bc728a94227066871e0dc1d8363345f685395ff707063aff408b17426c4b38
02_Evidencias/Fotos_Aplicacion/Evidencia_03.jpeg,139169,N/D (metadato no presente; eliminado por compresion de la app de mensajeria),N/D (metadato no presente),No,076f72ec2440ed10b29275d75be5506d2290f259bb846b4b2e289ffe968d3d78
02_Evidencias/Fotos_Aplicacion/Evidencia_04.jpeg,140179,N/D (metadato no presente; eliminado por compresion de la app de mensajeria),N/D (metadato no presente),No,a24b5750f9062237d1745fc28924bece3e96d9d6033541bb1af7266a236cf0d5
02_Evidencias/Fotos_Aplicacion/Evidencia_05.jpeg,116060,N/D (metadato no presente; eliminado por compresion de la app de mensajeria),N/D (metadato no presente),No,d235a4a6195be5d8d18c126917d9427c288f2daab3841ba40cba2b94bca77858
02_Evidencias/Fotos_Aplicacion/Evidencia_06.jpeg,2014982,N/D (metadato no presente; eliminado por compresion de la app de mensajeria),N/D (metadato no presente),No,2daff684333ffd6c2b2962f1564f79888d324a2d2c4220d4e75cdb45fc74a194
02_Evidencias/Fotos_Aplicacion/Evidencia_07.jpeg,1275477,N/D (metadato no presente; eliminado por compresion de la app de mensajeria),N/D (metadato no presente),No,d0aa61c8984a3c816524551e3dc1d1a84286252986b50236c51aa5a81dffd28d
02_Evidencias/Fotos_Entorno/Evidencia_Campo_10_Herramientas_Consultorio2.jpeg,94641,N/D (metadato no presente; eliminado por compresion de la app de mensajeria),N/D (metadato no presente),No,d0f9ecba5d1bd563eb52249193d1eb05f8b2492439ca19321799d3e88caf474b
02_Evidencias/Fotos_Entorno/Evidencia_Campo_11_Consultorio2_Cesped.jpeg,111591,N/D (metadato no presente; eliminado por compresion de la app de mensajeria),N/D (metadato no presente),No,df5a0063c088643bc909dd721d5a95e590164e64f48db290422e91047490133a
02_Evidencias/Fotos_Entorno/Evidencia_Campo_12_Camilla y herramientas.jpeg,80555,N/D (metadato no presente; eliminado por compresion de la app de mensajeria),N/D (metadato no presente),No,f527c6cef7b8903f6490990d8e47c139884c63618845f60418383a42b469f6c2
02_Evidencias/Fotos_Entorno/Evidencia_Campo_13_Camilla_Consultorio2.jpeg,84887,N/D (metadato no presente; eliminado por compresion de la app de mensajeria),N/D (metadato no presente),No,dbee9295d61e9686806862dacbb2be92e37d493a04c3913fe6b016e6a2cf6979
02_Evidencias/Fotos_Entorno/Evidencia_Campo_14_Campo de ejercicio.jpeg,112314,N/D (metadato no presente; eliminado por compresion de la app de mensajeria),N/D (metadato no presente),No,93efd5cb49239b653b8d4f4107ffa1c09e155b201a9eb67200275eead201bf23
02_Evidencias/Fotos_Entorno/Evidencia_Campo_15_Hrramientas especializadas.jpeg,61663,N/D (metadato no presente; eliminado por compresion de la app de mensajeria),N/D (metadato no presente),No,2f3584072f008b61ec87569481ba49e8cc74afdc88685227b4aecbe42ad7debc
02_Evidencias/Fotos_Entorno/Evidencia_Campo_16_Estante de herramientas.jpeg,93819,N/D (metadato no presente; eliminado por compresion de la app de mensajeria),N/D (metadato no presente),No,f18f2cb11150e49d035974ab2cc0c87bd09ce8f0094a36796546f36550b64e80
02_Evidencias/Fotos_Entorno/Evidencia_Campo_17_Herramientas para pacientes.jpeg,74986,N/D (metadato no presente; eliminado por compresion de la app de mensajeria),N/D (metadato no presente),No,ddd931d6d0d787f87cf48874d36c2aa8936ed84a760e9449aa5747fc21a52f24
02_Evidencias/Fotos_Entorno/Evidencia_Campo_18_Toallas para pacientes.jpeg,81338,N/D (metadato no presente; eliminado por compresion de la app de mensajeria),N/D (metadato no presente),No,1e99cebfb09004aaa73a9de7851e92c4a8f74645e3f38271f741eafd05ccc2aa
02_Evidencias/Fotos_Entorno/Evidencia_Campo_1_Iluminación.jpeg,145422,N/D (metadato no presente; eliminado por compresion de la app de mensajeria),N/D (metadato no presente),No,08fb660acb29f545f96393aee7a0ac12acc8d72d976bb39f697b687aceceb447
02_Evidencias/Fotos_Entorno/Evidencia_Campo_2_Lugar_caminata.jpeg,180308,N/D (metadato no presente; eliminado por compresion de la app de mensajeria),N/D (metadato no presente),No,52903762dd5241e5b479104be972974397566772c64a2970cf38c9ba77532690
02_Evidencias/Fotos_Entorno/Evidencia_Campo_3_cesped_Sintetico.jpeg,148850,N/D (metadato no presente; eliminado por compresion de la app de mensajeria),N/D (metadato no presente),No,b72eeadf5282a147a2604f4f1d91b30d14f2e3204896c65404c52ca441cd9b21
02_Evidencias/Fotos_Entorno/Evidencia_Campo_4_Entrada y laptop de trabajo.jpeg,166214,N/D (metadato no presente; eliminado por compresion de la app de mensajeria),N/D (metadato no presente),No,947d348be9beab497e251b8220bc968a5b6107b62b273fc18441af9786ac14b8
02_Evidencias/Fotos_Entorno/Evidencia_Campo_5_Herramientas.jpeg,110500,N/D (metadato no presente; eliminado por compresion de la app de mensajeria),N/D (metadato no presente),No,462a20feb752b0630e9f7789ce71fd414806ede34955ade29ef4968827ac0f82
02_Evidencias/Fotos_Entorno/Evidencia_Campo_6_Entrada.jpeg,214346,N/D (metadato no presente; eliminado por compresion de la app de mensajeria),N/D (metadato no presente),No,0ac98fbe36b9aa942b8a57ef717c0c5b27ff4c8ed72d970fa8ea51cac1247af3
02_Evidencias/Fotos_Entorno/Evidencia_Campo_7_Frente del consultorio.jpeg,199744,N/D (metadato no presente; eliminado por compresion de la app de mensajeria),N/D (metadato no presente),No,32b35edac2ecf6cc89a7de298a6835ada8cf958345cdf898efc6fc1e8bf50b87
02_Evidencias/Fotos_Entorno/Evidencia_Campo_8_lugar de trabajo.jpeg,73426,N/D (metadato no presente; eliminado por compresion de la app de mensajeria),N/D (metadato no presente),No,cc83d3c3b455b4cfbdcd18fbf2ce0773ea1bea6df569226e76db3d76da9295ec
02_Evidencias/Fotos_Entorno/Evidencia_Campo_9_Frente_Trabajo.jpeg,151414,N/D (metadato no presente; eliminado por compresion de la app de mensajeria),N/D (metadato no presente),No,428d789433ff7fb9efb9bfeb0cefcc691464fb2ab5e9b125ef418edd1f80376c
